open_time_ms,regime,p_raw,label,p_cal
1767956400000,TREND,0.2709,1,0.298307259316497
1767960000000,TREND,0.2709,1,0.298307259316497
1767963600000,TREND,0.2059,1,0.2833060072121603
1767967200000,TREND,0.2188,1,0.2862467075926578
1767970800000,HIGH_VOL,0.5225,0,0.3603664377626835
1767974400000,HIGH_VOL,0.46130000000000004,0,0.3447334128453883
1767978000000,HIGH_VOL,0.5,0,0.3545824283588912
1767981600000,HIGH_VOL,0.32520000000000004,0,0.3111823377103432
1767985200000,HIGH_VOL,0.32520000000000004,1,0.3111823377103432
1767988800000,HIGH_VOL,0.24600000000000002,1,0.29250675025043654
1767992400000,HIGH_VOL,0.24600000000000002,0,0.29250675025043654
1767996000000,HIGH_VOL,0.24600000000000002,0,0.29250675025043654
1767999600000,RANGE,0.23329999999999998,0,0.28957387336458323
1768003200000,RANGE,0.3208,1,0.31012774301946333
1768006800000,RANGE,0.3208,0,0.31012774301946333
1768010400000,RANGE,0.42560000000000003,1,0.33576440476851654
1768014000000,RANGE,0.42560000000000003,1,0.33576440476851654
1768017600000,RANGE,0.23329999999999998,1,0.28957387336458323
1768021200000,RANGE,0.3208,1,0.31012774301946333
1768024800000,RANGE,0.23329999999999998,1,0.28957387336458323
1768028400000,RANGE,0.42560000000000003,1,0.33576440476851654
1768032000000,RANGE,0.42560000000000003,1,0.33576440476851654
1768035600000,RANGE,0.42560000000000003,0,0.33576440476851654
1768039200000,RANGE,0.3458,0,0.31614574716444993
1768042800000,RANGE,0.3458,1,0.31614574716444993
1768046400000,RANGE,0.3458,1,0.31614574716444993
1768050000000,RANGE,0.32299999999999995,1,0.3106547945260236
1768053600000,RANGE,0.32299999999999995,1,0.3106547945260236
1768057200000,RANGE,0.42560000000000003,1,0.33576440476851654
1768060800000,RANGE,0.32299999999999995,1,0.3106547945260236
1768064400000,RANGE,0.32299999999999995,1,0.3106547945260236
1768068000000,RANGE,0.23329999999999998,1,0.28957387336458323
1768071600000,RANGE,0.3208,1,0.31012774301946333
1768075200000,RANGE,0.23329999999999998,1,0.28957387336458323
1768078800000,RANGE,0.23329999999999998,1,0.28957387336458323
1768082400000,RANGE,0.4061,1,0.3309144406305739
1768086000000,RANGE,0.2989,1,0.3049081880596039
1768089600000,RANGE,0.3208,1,0.31012774301946333
1768093200000,RANGE,0.42560000000000003,1,0.33576440476851654
1768096800000,RANGE,0.42560000000000003,1,0.33576440476851654
1768100400000,RANGE,0.42560000000000003,1,0.33576440476851654
1768104000000,RANGE,0.3458,1,0.31614574716444993
1768107600000,RANGE,0.3458,1,0.31614574716444993
1768111200000,RANGE,0.3458,1,0.31614574716444993
1768114800000,RANGE,0.42560000000000003,1,0.33576440476851654
1768118400000,RANGE,0.3159,1,0.308955627260307
1768122000000,RANGE,0.42560000000000003,1,0.33576440476851654
1768125600000,RANGE,0.42560000000000003,1,0.33576440476851654
1768129200000,RANGE,0.42560000000000003,1,0.33576440476851654
1768132800000,RANGE,0.3159,0,0.308955627260307
1768136400000,RANGE,0.42560000000000003,1,0.33576440476851654
1768140000000,RANGE,0.24789999999999998,0,0.29294702270060696
1768143600000,RANGE,0.42560000000000003,1,0.33576440476851654
1768147200000,RANGE,0.5689,1,0.3724216320428233
1768150800000,RANGE,0.6792,1,0.4016989390021196
1768154400000,RANGE,0.6792,1,0.4016989390021196
1768158000000,RANGE,0.46509999999999996,1,0.34569478034845325
1768161600000,RANGE,0.46509999999999996,1,0.34569478034845325
1768165200000,RANGE,0.46509999999999996,1,0.34569478034845325
1768168800000,RANGE,0.32789999999999997,1,0.3118304477234498
1768172400000,RANGE,0.6035,1,0.3815164410979923
1768176000000,RANGE,0.6720999999999999,0,0.3997905996108664
1768179600000,RANGE,0.5939,0,0.3789843801376625
1768183200000,RANGE,0.3589,0,0.31932412033232777
1768186800000,RANGE,0.6451,0,0.3925617159524624
1768190400000,RANGE,0.6225,0,0.38654672440640764
1768194000000,HIGH_VOL,0.7058,0,0.40887458470592464
1768197600000,HIGH_VOL,0.754,0,0.42197452720407486
1768201200000,HIGH_VOL,0.6704000000000001,0,0.39933412190364614
1768204800000,HIGH_VOL,0.4775,1,0.34884062418359413
1768208400000,HIGH_VOL,0.5,1,0.3545824283588912
1768212000000,HIGH_VOL,0.583,1,0.37611741461547443
1768215600000,HIGH_VOL,0.5436,1,0.3658276677460947
1768219200000,HIGH_VOL,0.5436,1,0.3658276677460947
1768222800000,HIGH_VOL,0.6213000000000001,1,0.38622829240530915
1768226400000,HIGH_VOL,0.5793,1,0.37514618285550044
1768230000000,HIGH_VOL,0.6748000000000001,1,0.4005159511695662
1768233600000,HIGH_VOL,0.7241,0,0.41383405357804653
1768237200000,HIGH_VOL,0.7369,1,0.41731345058274877
1768240800000,HIGH_VOL,0.754,1,0.42197452720407486
1768244400000,HIGH_VOL,0.754,1,0.42197452720407486
1768248000000,HIGH_VOL,0.6704000000000001,1,0.39933412190364614
1768251600000,HIGH_VOL,0.5963,1,0.37961678357427936
1768255200000,RANGE,0.5744,1,0.3738615030717589
1768258800000,RANGE,0.5744,1,0.3738615030717589
1768262400000,RANGE,0.5744,1,0.3738615030717589
1768266000000,RANGE,0.5744,1,0.3738615030717589
1768269600000,RANGE,0.46509999999999996,1,0.34569478034845325
1768273200000,RANGE,0.677,1,0.4011073010551061
1768276800000,RANGE,0.677,1,0.4011073010551061
1768280400000,RANGE,0.7875,1,0.4311455462348444
1768284000000,RANGE,0.6720999999999999,1,0.3997905996108664
1768287600000,RANGE,0.7667,1,0.4254453285109534
1768291200000,RANGE,0.5939,1,0.3789843801376625
1768294800000,RANGE,0.5939,1,0.3789843801376625
1768298400000,RANGE,0.7667,1,0.4254453285109534
1768302000000,RANGE,0.7667,1,0.4254453285109534
1768305600000,RANGE,0.6792,1,0.4016989390021196
1768309200000,RANGE,0.7667,1,0.4254453285109534
1768312800000,RANGE,0.6979000000000001,1,0.4067392672909105
1768316400000,HIGH_VOL,0.5212,1,0.3600311259602558
1768320000000,HIGH_VOL,0.495,1,0.3533027765908829
1768323600000,HIGH_VOL,0.6318,1,0.3890178446959285
1768327200000,HIGH_VOL,0.5175,1,0.3590775252718175
1768330800000,HIGH_VOL,0.4775,1,0.34884062418359413
1768334400000,HIGH_VOL,0.4551,1,0.3431675926460831
1768338000000,HIGH_VOL,0.495,1,0.3533027765908829
1768341600000,HIGH_VOL,0.4775,0,0.34884062418359413
1768345200000,HIGH_VOL,0.4551,1,0.3431675926460831
1768348800000,HIGH_VOL,0.4988,1,0.35427512127419186
1768352400000,HIGH_VOL,0.45880000000000004,1,0.34410162582404713
1768356000000,HIGH_VOL,0.52,1,0.3597217285631192
1768359600000,HIGH_VOL,0.5387,0,0.3645562812591572
1768363200000,HIGH_VOL,0.6341,1,0.3896298679833006
1768366800000,HIGH_VOL,0.6548,1,0.3951535228103458
1768370400000,HIGH_VOL,0.5399,1,0.36486746727797986
1768374000000,HIGH_VOL,0.6177,1,0.3852735811728288
1768377600000,HIGH_VOL,0.5399,1,0.36486746727797986
1768381200000,HIGH_VOL,0.6177,1,0.3852735811728288
1768384800000,HIGH_VOL,0.6177,1,0.3852735811728288
1768388400000,HIGH_VOL,0.5399,1,0.36486746727797986
1768392000000,TREND,0.6726000000000001,1,0.3999248909265104
1768395600000,TREND,0.589,1,0.37769450134923627
1768399200000,HIGH_VOL,0.4025,0,0.3300229398606803
1768402800000,HIGH_VOL,0.5387,0,0.3645562812591572
1768406400000,HIGH_VOL,0.5175,0,0.3590775252718175
1768410000000,HIGH_VOL,0.495,0,0.3533027765908829
1768413600000,HIGH_VOL,0.6715000000000001,0,0.3996294699140771
1768417200000,HIGH_VOL,0.5609000000000001,0,0.3703313141160894
1768420800000,HIGH_VOL,0.495,0,0.3533027765908829
1768424400000,HIGH_VOL,0.495,0,0.3533027765908829
1768428000000,HIGH_VOL,0.6670999999999999,0,0.39844851785027097
1768431600000,HIGH_VOL,0.7231000000000001,0,0.4135625827972217
1768435200000,HIGH_VOL,0.5399,0,0.36486746727797986
1768438800000,HIGH_VOL,0.5399,0,0.36486746727797986
1768442400000,HIGH_VOL,0.5399,0,0.36486746727797986
1768446000000,HIGH_VOL,0.5399,0,0.36486746727797986
1768449600000,HIGH_VOL,0.5399,0,0.36486746727797986
1768453200000,HIGH_VOL,0.5399,0,0.36486746727797986
1768456800000,TREND,0.6726000000000001,0,0.3999248909265104
1768460400000,TREND,0.6248,0,0.38715732349027193
1768464000000,TREND,0.589,0,0.37769450134923627
1768467600000,TREND,0.7047,0,0.408577053948921
1768471200000,TREND,0.6726000000000001,0,0.3999248909265104
1768474800000,TREND,0.6726000000000001,0,0.3999248909265104
1768478400000,TREND,0.7047,0,0.408577053948921
1768482000000,TREND,0.589,0,0.37769450134923627
1768485600000,HIGH_VOL,0.5781000000000001,0,0.3748314040165435
1768489200000,HIGH_VOL,0.6388,0,0.39088160414569006
1768492800000,HIGH_VOL,0.5793,0,0.37514618285550044
1768496400000,HIGH_VOL,0.5793,0,0.37514618285550044
1768500000000,HIGH_VOL,0.5387,0,0.3645562812591572
1768503600000,HIGH_VOL,0.5609000000000001,0,0.3703313141160894
1768507200000,HIGH_VOL,0.677,1,0.4011073010551061
1768510800000,HIGH_VOL,0.6035,0,0.3815164410979923
1768514400000,HIGH_VOL,0.6035,0,0.3815164410979923
1768518000000,TREND,0.6318,0,0.3890178446959285
1768521600000,TREND,0.6318,0,0.3890178446959285
1768525200000,TREND,0.6318,0,0.3890178446959285
1768528800000,TREND,0.5449,0,0.36616528926163755
1768532400000,RANGE,0.5492,1,0.3672829727577785
1768536000000,RANGE,0.6029,1,0.38135799691224515
1768539600000,RANGE,0.6808,0,0.4021294011720698
1768543200000,RANGE,0.5744,0,0.3738615030717589
1768546800000,RANGE,0.5744,0,0.3738615030717589
1768550400000,RANGE,0.5744,0,0.3738615030717589
1768554000000,RANGE,0.5744,0,0.3738615030717589
1768557600000,RANGE,0.52,0,0.3597217285631192
1768561200000,RANGE,0.46509999999999996,0,0.34569478034845325
1768564800000,RANGE,0.46509999999999996,0,0.34569478034845325
1768568400000,RANGE,0.46509999999999996,0,0.34569478034845325
1768572000000,RANGE,0.6347,1,0.3897895835137304
1768575600000,RANGE,0.3504,1,0.31725988073054756
1768579200000,RANGE,0.37810000000000005,1,0.32401294732122327
1768582800000,RANGE,0.3705,1,0.3221526588678963
1768586400000,RANGE,0.3705,1,0.3221526588678963
1768590000000,RANGE,0.3705,1,0.3221526588678963
1768593600000,RANGE,0.4551,0,0.3431675926460831
1768597200000,RANGE,0.42560000000000003,0,0.33576440476851654
1768600800000,RANGE,0.42560000000000003,0,0.33576440476851654
1768604400000,RANGE,0.3458,0,0.31614574716444993
1768608000000,RANGE,0.254,0,0.2943631482422426
1768611600000,RANGE,0.32299999999999995,0,0.3106547945260236
1768615200000,RANGE,0.32299999999999995,0,0.3106547945260236
1768618800000,RANGE,0.32299999999999995,0,0.3106547945260236
1768622400000,RANGE,0.3729,0,0.3227395132189928
1768626000000,RANGE,0.3729,0,0.3227395132189928
1768629600000,RANGE,0.3729,0,0.3227395132189928
1768633200000,RANGE,0.3729,0,0.3227395132189928
1768636800000,RANGE,0.3729,0,0.3227395132189928
1768640400000,RANGE,0.48,1,0.34947647614154836
1768644000000,RANGE,0.3729,1,0.3227395132189928
1768647600000,RANGE,0.3729,0,0.3227395132189928
1768651200000,RANGE,0.48,0,0.34947647614154836
1768654800000,RANGE,0.42560000000000003,0,0.33576440476851654
1768658400000,RANGE,0.42560000000000003,0,0.33576440476851654
1768662000000,RANGE,0.24789999999999998,0,0.29294702270060696
1768665600000,RANGE,0.3729,0,0.3227395132189928
1768669200000,RANGE,0.32299999999999995,0,0.3106547945260236
1768672800000,RANGE,0.42560000000000003,1,0.33576440476851654
1768676400000,RANGE,0.3729,1,0.3227395132189928
1768680000000,RANGE,0.32299999999999995,0,0.3106547945260236
1768683600000,RANGE,0.3729,1,0.3227395132189928
1768687200000,RANGE,0.2749,1,0.29924521130340004
1768690800000,RANGE,0.2749,0,0.29924521130340004
1768694400000,RANGE,0.46009999999999995,0,0.34443008642758927
1768698000000,RANGE,0.46009999999999995,0,0.34443008642758927
1768701600000,RANGE,0.46009999999999995,0,0.34443008642758927
1768705200000,RANGE,0.2749,0,0.29924521130340004
1768708800000,RANGE,0.3705,0,0.3221526588678963
1768712400000,RANGE,0.2749,0,0.29924521130340004
1768716000000,RANGE,0.3705,0,0.3221526588678963
1768719600000,RANGE,0.2749,0,0.29924521130340004
1768723200000,RANGE,0.3705,0,0.3221526588678963
1768726800000,RANGE,0.48,0,0.34947647614154836
1768730400000,RANGE,0.48,0,0.34947647614154836
1768734000000,RANGE,0.48,0,0.34947647614154836
1768737600000,RANGE,0.3729,0,0.3227395132189928
1768741200000,RANGE,0.48,0,0.34947647614154836
1768744800000,RANGE,0.37810000000000005,0,0.32401294732122327
1768748400000,RANGE,0.3705,0,0.3221526588678963
1768752000000,RANGE,0.48,0,0.34947647614154836
1768755600000,RANGE,0.3653,0,0.32088306547616463
1768759200000,RANGE,0.3159,0,0.308955627260307
1768762800000,RANGE,0.24789999999999998,0,0.29294702270060696
1768766400000,RANGE,0.48,0,0.34947647614154836
1768770000000,RANGE,0.3159,0,0.308955627260307
1768773600000,RANGE,0.24789999999999998,0,0.29294702270060696
1768777200000,RANGE,0.6643000000000001,0,0.39769761680022386
1768780800000,HIGH_VOL,0.4391,1,0.33914255956942385
1768784400000,HIGH_VOL,0.505,1,0.3558641645185572
1768788000000,HIGH_VOL,0.505,0,0.3558641645185572
1768791600000,HIGH_VOL,0.505,0,0.3558641645185572
1768795200000,HIGH_VOL,0.46130000000000004,0,0.3447334128453883
1768798800000,HIGH_VOL,0.505,0,0.3558641645185572
1768802400000,HIGH_VOL,0.444,0,0.34037279029812634
1768806000000,HIGH_VOL,0.48,0,0.34947647614154836
1768809600000,HIGH_VOL,0.36590000000000006,0,0.32102942232252424
1768813200000,HIGH_VOL,0.27690000000000003,0,0.299714820414416
1768816800000,HIGH_VOL,0.27690000000000003,0,0.299714820414416
1768820400000,HIGH_VOL,0.46009999999999995,0,0.34443008642758927
1768824000000,HIGH_VOL,0.3823,0,0.3250433971939316
1768827600000,HIGH_VOL,0.46009999999999995,0,0.34443008642758927
1768831200000,HIGH_VOL,0.3823,0,0.3250433971939316
1768834800000,HIGH_VOL,0.46009999999999995,0,0.34443008642758927
1768838400000,TREND,0.41100000000000003,0,0.3321298245460888
1768842000000,TREND,0.37229999999999996,0,0.32259274716179726
1768845600000,TREND,0.3274,0,0.31171037165929893
1768849200000,TREND,0.41100000000000003,0,0.3321298245460888
1768852800000,TREND,0.3274,0,0.31171037165929893
1768856400000,TREND,0.3274,0,0.31171037165929893
1768860000000,TREND,0.3447,0,0.3158796357868759
1768863600000,TREND,0.3274,0,0.31171037165929893
1768867200000,TREND,0.41100000000000003,0,0.3321298245460888
1768870800000,TREND,0.41100000000000003,0,0.3321298245460888
1768874400000,TREND,0.37929999999999997,0,0.32430718805560643
1768878000000,TREND,0.37929999999999997,0,0.32430718805560643
1768881600000,TREND,0.3165,0,0.3090990200151294
1768885200000,TREND,0.3165,0,0.3090990200151294
1768888800000,TREND,0.3165,0,0.3090990200151294
1768892400000,TREND,0.3917,0,0.32735577811992705
1768896000000,TREND,0.3917,0,0.32735577811992705
1768899600000,TREND,0.31,0,0.30754756081154194
1768903200000,TREND,0.33909999999999996,0,0.31452675953471537
1768906800000,TREND,0.42369999999999997,0,0.33529029730382903
1768910400000,TREND,0.2709,0,0.298307259316497
1768914000000,TREND,0.23329999999999998,0,0.28957387336458323
1768917600000,HIGH_VOL,0.4428,0,0.34007130947799313
1768921200000,TREND,0.2636,0,0.2965998628539845
1768924800000,HIGH_VOL,0.4428,0,0.34007130947799313
1768928400000,HIGH_VOL,0.4428,0,0.34007130947799313
1768932000000,HIGH_VOL,0.5449,0,0.36616528926163755
1768935600000,HIGH_VOL,0.505,0,0.3558641645185572
1768939200000,HIGH_VOL,0.444,0,0.34037279029812634
1768942800000,HIGH_VOL,0.505,0,0.3558641645185572
1768946400000,HIGH_VOL,0.5225,1,0.3603664377626835
1768950000000,HIGH_VOL,0.5449,1,0.36616528926163755
1768953600000,HIGH_VOL,0.4838,1,0.3504439967464829
1768957200000,HIGH_VOL,0.40130000000000005,0,0.3297260438808735
1768960800000,HIGH_VOL,0.48,0,0.34947647614154836
1768964400000,HIGH_VOL,0.40369999999999995,0,0.33031997142908603
1768968000000,TREND,0.3274,0,0.31171037165929893
1768971600000,TREND,0.44770000000000004,0,0.3413031692772875
1768975200000,TREND,0.3274,0,0.31171037165929893
1768978800000,TREND,0.37520000000000003,0,0.32330243998696545
1768982400000,TREND,0.41100000000000003,0,0.3321298245460888
1768986000000,TREND,0.41100000000000003,0,0.3321298245460888
1768989600000,TREND,0.3274,0,0.31171037165929893
1768993200000,TREND,0.2953,1,0.30405491087779624
1768996800000,TREND,0.3274,1,0.31171037165929893
1769000400000,TREND,0.3274,1,0.31171037165929893
1769004000000,TREND,0.44770000000000004,0,0.3413031692772875
1769007600000,HIGH_VOL,0.3834,0,0.32531355753389474
1769011200000,HIGH_VOL,0.45880000000000004,1,0.34410162582404713
1769014800000,HIGH_VOL,0.3285,1,0.31197457238388526
1769018400000,HIGH_VOL,0.3329,1,0.31303259759239516
1769022000000,HIGH_VOL,0.3834,0,0.32531355753389474
1769025600000,HIGH_VOL,0.3624,0,0.32017617070126714
1769029200000,HIGH_VOL,0.3787,0,0.3241600503160159
1769032800000,HIGH_VOL,0.32189999999999996,0,0.31039120725613617
1769036400000,HIGH_VOL,0.46009999999999995,1,0.34443008642758927
1769040000000,HIGH_VOL,0.4825,0,0.35011286393474267
1769043600000,HIGH_VOL,0.46009999999999995,0,0.34443008642758927
1769047200000,HIGH_VOL,0.41700000000000004,0,0.33362109911528004
1769050800000,HIGH_VOL,0.41700000000000004,0,0.33362109911528004
1769054400000,HIGH_VOL,0.41700000000000004,0,0.33362109911528004
1769058000000,HIGH_VOL,0.41700000000000004,0,0.33362109911528004
1769061600000,HIGH_VOL,0.41700000000000004,0,0.33362109911528004
1769065200000,RANGE,0.2979,0,0.3046710317930492
1769068800000,RANGE,0.2979,0,0.3046710317930492
1769072400000,RANGE,0.48,0,0.34947647614154836
1769076000000,RANGE,0.48,0,0.34947647614154836
1769079600000,RANGE,0.3729,0,0.3227395132189928
1769083200000,RANGE,0.48,0,0.34947647614154836
1769086800000,RANGE,0.2516,0,0.29380550806390826
1769090400000,RANGE,0.3504,0,0.31725988073054756
1769094000000,RANGE,0.46009999999999995,1,0.34443008642758927
1769097600000,RANGE,0.46009999999999995,1,0.34443008642758927
1769101200000,RANGE,0.39890000000000003,1,0.32913265938575104
1769104800000,RANGE,0.3705,1,0.3221526588678963
1769108400000,RANGE,0.39890000000000003,0,0.32913265938575104
1769112000000,RANGE,0.34299999999999997,1,0.31546861003773585
1769115600000,RANGE,0.3705,1,0.3221526588678963
1769119200000,RANGE,0.3705,1,0.3221526588678963
1769122800000,RANGE,0.3705,1,0.3221526588678963
1769126400000,RANGE,0.3705,1,0.3221526588678963
1769130000000,RANGE,0.51,0,0.35714797004811505
1769133600000,RANGE,0.48,0,0.34947647614154836
1769137200000,RANGE,0.48,0,0.34947647614154836
1769140800000,RANGE,0.3971,0,0.32868797823142487
1769144400000,RANGE,0.2979,1,0.3046710317930492
1769148000000,RANGE,0.48,1,0.34947647614154836
1769151600000,RANGE,0.48,1,0.34947647614154836
1769155200000,RANGE,0.2749,1,0.29924521130340004
1769158800000,RANGE,0.37810000000000005,1,0.32401294732122327
1769162400000,RANGE,0.3469,1,0.3164119790390348
1769166000000,RANGE,0.3469,1,0.3164119790390348
1769169600000,RANGE,0.2749,1,0.29924521130340004
1769173200000,RANGE,0.2749,1,0.29924521130340004
1769176800000,RANGE,0.37810000000000005,1,0.32401294732122327
1769180400000,RANGE,0.51,0,0.35714797004811505
1769184000000,RANGE,0.3935,0,0.32779953701616793
1769187600000,RANGE,0.34240000000000004,0,0.31532361099028333
1769191200000,RANGE,0.3653,0,0.32088306547616463
1769194800000,RANGE,0.3452,0,0.31600058055865465
1769198400000,RANGE,0.3452,0,0.31600058055865465
1769202000000,RANGE,0.3729,1,0.3227395132189928
1769205600000,RANGE,0.3729,0,0.3227395132189928
1769209200000,RANGE,0.3705,0,0.3221526588678963
1769212800000,RANGE,0.2749,0,0.29924521130340004
1769216400000,RANGE,0.2749,0,0.29924521130340004
1769220000000,RANGE,0.3705,0,0.3221526588678963
1769223600000,RANGE,0.3705,0,0.3221526588678963
1769227200000,RANGE,0.48,0,0.34947647614154836
1769230800000,RANGE,0.48,0,0.34947647614154836
1769234400000,RANGE,0.48,0,0.34947647614154836
1769238000000,RANGE,0.2749,0,0.29924521130340004
1769241600000,RANGE,0.3705,0,0.3221526588678963
1769245200000,RANGE,0.2749,0,0.29924521130340004
1769248800000,RANGE,0.2749,0,0.29924521130340004
1769252400000,RANGE,0.2749,0,0.29924521130340004
1769256000000,RANGE,0.2749,0,0.29924521130340004
1769259600000,RANGE,0.2749,0,0.29924521130340004
1769263200000,RANGE,0.3469,0,0.3164119790390348
1769266800000,RANGE,0.46009999999999995,0,0.34443008642758927
1769270400000,RANGE,0.37810000000000005,0,0.32401294732122327
1769274000000,RANGE,0.2749,0,0.29924521130340004
1769277600000,RANGE,0.2749,0,0.29924521130340004
1769281200000,RANGE,0.3705,0,0.3221526588678963
1769284800000,RANGE,0.3705,0,0.3221526588678963
1769288400000,RANGE,0.3705,0,0.3221526588678963
1769292000000,RANGE,0.3705,0,0.3221526588678963
1769295600000,RANGE,0.37810000000000005,0,0.32401294732122327
1769299200000,RANGE,0.2749,0,0.29924521130340004
1769302800000,RANGE,0.46009999999999995,0,0.34443008642758927
1769306400000,RANGE,0.46009999999999995,0,0.34443008642758927
1769310000000,RANGE,0.46009999999999995,0,0.34443008642758927
1769313600000,RANGE,0.46009999999999995,0,0.34443008642758927
1769317200000,RANGE,0.37810000000000005,0,0.32401294732122327
1769320800000,RANGE,0.37810000000000005,0,0.32401294732122327
1769324400000,RANGE,0.715,0,0.41136561860269505
1769328000000,TREND,0.3165,0,0.3090990200151294
1769331600000,TREND,0.34979999999999994,0,0.31711443977084836
1769335200000,TREND,0.17800000000000002,0,0.27700879805122963
1769338800000,TREND,0.2369,0,0.2904034696441571
1769342400000,TREND,0.17800000000000002,0,0.27700879805122963
1769346000000,TREND,0.41100000000000003,0,0.3321298245460888
1769349600000,TREND,0.3274,0,0.31171037165929893
1769353200000,TREND,0.17800000000000002,0,0.27700879805122963
1769356800000,TREND,0.18960000000000002,0,0.27961648711814824
1769360400000,TREND,0.31379999999999997,0,0.308454042442352
1769364000000,TREND,0.2824,0,0.30100841578819865
1769367600000,TREND,0.3566,1,0.31876485751287104
1769371200000,TREND,0.34979999999999994,1,0.31711443977084836
1769374800000,HIGH_VOL,0.505,1,0.3558641645185572
1769378400000,HIGH_VOL,0.505,1,0.3558641645185572
1769382000000,HIGH_VOL,0.5842,1,0.37643262314473347
1769385600000,HIGH_VOL,0.5236999999999999,1,0.36067607731048346
1769389200000,HIGH_VOL,0.36590000000000006,1,0.32102942232252424
1769392800000,HIGH_VOL,0.46009999999999995,1,0.34443008642758927
1769396400000,HIGH_VOL,0.46009999999999995,1,0.34443008642758927
1769400000000,HIGH_VOL,0.4825,1,0.35011286393474267
1769403600000,HIGH_VOL,0.46009999999999995,1,0.34443008642758927
1769407200000,TREND,0.41100000000000003,1,0.3321298245460888
1769410800000,TREND,0.37229999999999996,1,0.32259274716179726
1769414400000,TREND,0.37229999999999996,1,0.32259274716179726
1769418000000,TREND,0.2927,1,0.30343949218387534
1769421600000,TREND,0.41100000000000003,0,0.3321298245460888
1769425200000,TREND,0.3274,1,0.31171037165929893
1769428800000,TREND,0.3274,1,0.31171037165929893
1769432400000,TREND,0.41100000000000003,1,0.3321298245460888
1769436000000,RANGE,0.48,0,0.34947647614154836
1769439600000,RANGE,0.3452,1,0.31600058055865465
1769443200000,HIGH_VOL,0.3823,1,0.3250433971939316
1769446800000,HIGH_VOL,0.3823,0,0.3250433971939316
1769450400000,HIGH_VOL,0.4219,0,0.3348414491064699
1769454000000,HIGH_VOL,0.4378,1,0.338816535301047
1769457600000,HIGH_VOL,0.36119999999999997,1,0.3198839036197017
1769461200000,HIGH_VOL,0.4825,1,0.35011286393474267
1769464800000,RANGE,0.48,1,0.34947647614154836
1769468400000,HIGH_VOL,0.40009999999999996,1,0.32942928366444035
1769472000000,RANGE,0.3653,1,0.32088306547616463
1769475600000,RANGE,0.3653,0,0.32088306547616463
1769479200000,RANGE,0.29109999999999997,0,0.3030611226283334
1769482800000,RANGE,0.29109999999999997,0,0.3030611226283334
1769486400000,RANGE,0.3971,0,0.32868797823142487
1769490000000,RANGE,0.3971,0,0.32868797823142487
1769493600000,RANGE,0.3729,1,0.3227395132189928
1769497200000,RANGE,0.48,1,0.34947647614154836
1769500800000,RANGE,0.2749,1,0.29924521130340004
1769504400000,RANGE,0.23329999999999998,1,0.28957387336458323
1769508000000,RANGE,0.23329999999999998,1,0.28957387336458323
1769511600000,RANGE,0.2989,1,0.3049081880596039
1769515200000,RANGE,0.2989,1,0.3049081880596039
1769518800000,RANGE,0.2989,1,0.3049081880596039
1769522400000,RANGE,0.3983,1,0.3289843982774402
1769526000000,RANGE,0.3983,1,0.3289843982774402
1769529600000,RANGE,0.4526,0,0.342537175181128
1769533200000,RANGE,0.30210000000000004,1,0.3056677838369252
1769536800000,RANGE,0.4526,1,0.342537175181128
1769540400000,RANGE,0.5349,1,0.3635716066837113
1769544000000,HIGH_VOL,0.6559,0,0.3954478144441721
1769547600000,HIGH_VOL,0.6681999999999999,1,0.3987436456753612
1769551200000,RANGE,0.5939,1,0.3789843801376625
1769554800000,RANGE,0.5939,1,0.3789843801376625
1769558400000,RANGE,0.5399,0,0.36486746727797986
1769562000000,RANGE,0.5399,0,0.36486746727797986
1769565600000,RANGE,0.6531,0,0.39469885795615284
1769569200000,RANGE,0.5479999999999999,0,0.36697091692731304
1769572800000,RANGE,0.7011,1,0.4076037862347753
1769576400000,RANGE,0.6295000000000001,0,0.388406171009701
1769580000000,RANGE,0.6017,0,0.3810411843061693
1769583600000,RANGE,0.7011,0,0.4076037862347753
1769587200000,RANGE,0.46509999999999996,1,0.34569478034845325
1769590800000,RANGE,0.7256,0,0.4142413578869775
1769594400000,RANGE,0.6792,0,0.4016989390021196
1769598000000,RANGE,0.6225,0,0.38654672440640764
1769601600000,RANGE,0.5939,0,0.3789843801376625
1769605200000,TREND,0.7892,0,0.43161225823349014
1769608800000,TREND,0.8264,0,0.44185402922740136
1769612400000,RANGE,0.5769,0,0.3745167309950367
1769616000000,RANGE,0.5744,0,0.3738615030717589
1769619600000,HIGH_VOL,0.7241,0,0.41383405357804653
1769623200000,HIGH_VOL,0.5572,0,0.3693661777016192
1769626800000,HIGH_VOL,0.5,0,0.3545824283588912
1769630400000,HIGH_VOL,0.5,0,0.3545824283588912
1769634000000,HIGH_VOL,0.5,0,0.3545824283588912
1769637600000,HIGH_VOL,0.5,0,0.3545824283588912
1769641200000,RANGE,0.46509999999999996,0,0.34569478034845325
1769644800000,RANGE,0.46509999999999996,0,0.34569478034845325
1769648400000,RANGE,0.6341,0,0.3896298679833006
1769652000000,HIGH_VOL,0.6201,0,0.38590995770447295
1769655600000,HIGH_VOL,0.6411,0,0.3914946807752961
1769659200000,RANGE,0.6615000000000001,0,0.39694719707153264
1769662800000,RANGE,0.7521,0,0.42145592685405053
1769666400000,RANGE,0.3983,0,0.3289843982774402
1769670000000,RANGE,0.3208,0,0.31012774301946333
1769673600000,RANGE,0.2749,0,0.29924521130340004
1769677200000,RANGE,0.46009999999999995,0,0.34443008642758927
1769680800000,RANGE,0.3469,0,0.3164119790390348
1769684400000,RANGE,0.3469,0,0.3164119790390348
1769688000000,RANGE,0.3983,0,0.3289843982774402
1769691600000,RANGE,0.452,0,0.3423859575481627
1769695200000,TREND,0.2159,0,0.2855840285360265
1769698800000,HIGH_VOL,0.5225,0,0.3603664377626835
1769702400000,HIGH_VOL,0.505,0,0.3558641645185572
1769706000000,HIGH_VOL,0.5225,0,0.3603664377626835
1769709600000,HIGH_VOL,0.5225,0,0.3603664377626835
1769713200000,HIGH_VOL,0.5671,0,0.37195089126183384
1769716800000,HIGH_VOL,0.505,0,0.3558641645185572
1769720400000,HIGH_VOL,0.3132,0,0.308310815375961
1769724000000,HIGH_VOL,0.27690000000000003,0,0.299714820414416
1769727600000,HIGH_VOL,0.27690000000000003,0,0.299714820414416
1769731200000,HIGH_VOL,0.3799,0,0.3244543605191177
1769734800000,HIGH_VOL,0.4788,0,0.3491712002179165
1769738400000,HIGH_VOL,0.505,1,0.3558641645185572
1769742000000,HIGH_VOL,0.5461,1,0.3664770566269538
1769745600000,HIGH_VOL,0.48,0,0.34947647614154836
1769749200000,HIGH_VOL,0.48,0,0.34947647614154836
1769752800000,HIGH_VOL,0.40130000000000005,1,0.3297260438808735
1769756400000,HIGH_VOL,0.3452,1,0.31600058055865465
1769760000000,HIGH_VOL,0.46009999999999995,1,0.34443008642758927
1769763600000,HIGH_VOL,0.52,1,0.3597217285631192
1769767200000,HIGH_VOL,0.4825,1,0.35011286393474267
1769770800000,HIGH_VOL,0.46009999999999995,0,0.34443008642758927
1769774400000,HIGH_VOL,0.4378,1,0.338816535301047
1769778000000,HIGH_VOL,0.46009999999999995,1,0.34443008642758927
1769781600000,HIGH_VOL,0.4825,0,0.35011286393474267
1769785200000,HIGH_VOL,0.46009999999999995,0,0.34443008642758927
1769788800000,HIGH_VOL,0.46009999999999995,0,0.34443008642758927
1769792400000,HIGH_VOL,0.3823,0,0.3250433971939316
1769796000000,HIGH_VOL,0.4219,0,0.3348414491064699
1769799600000,HIGH_VOL,0.3624,0,0.32017617070126714
1769803200000,HIGH_VOL,0.3589,0,0.31932412033232777
1769806800000,HIGH_VOL,0.3799,0,0.3244543605191177
1769810400000,HIGH_VOL,0.3589,0,0.31932412033232777
1769814000000,HIGH_VOL,0.3589,0,0.31932412033232777
1769817600000,HIGH_VOL,0.3419,0,0.31520280591951794
1769821200000,TREND,0.2927,0,0.30343949218387534
1769824800000,TREND,0.41100000000000003,0,0.3321298245460888
1769828400000,TREND,0.3274,0,0.31171037165929893
1769832000000,TREND,0.41100000000000003,0,0.3321298245460888
1769835600000,TREND,0.3274,0,0.31171037165929893
1769839200000,TREND,0.3274,0,0.31171037165929893
1769842800000,TREND,0.3274,0,0.31171037165929893
1769846400000,TREND,0.2953,0,0.30405491087779624
1769850000000,TREND,0.17800000000000002,0,0.27700879805122963
1769853600000,TREND,0.17800000000000002,0,0.27700879805122963
1769857200000,TREND,0.2137,0,0.2850819212617511
1769860800000,TREND,0.2137,0,0.2850819212617511
1769864400000,TREND,0.24230000000000002,0,0.2916504925396231
1769868000000,TREND,0.3566,0,0.31876485751287104
1769871600000,HIGH_VOL,0.5449,0,0.36616528926163755
1769875200000,HIGH_VOL,0.5225,0,0.3603664377626835
1769878800000,HIGH_VOL,0.5225,0,0.3603664377626835
1769882400000,HIGH_VOL,0.5225,0,0.3603664377626835
1769886000000,HIGH_VOL,0.5012,1,0.35488985550506563
1769889600000,HIGH_VOL,0.5012,1,0.35488985550506563
1769893200000,HIGH_VOL,0.5412,0,0.36520471294903206
1769896800000,HIGH_VOL,0.5412,0,0.36520471294903206
1769900400000,HIGH_VOL,0.46259999999999996,0,0.345062159248993
1769904000000,HIGH_VOL,0.4403,0,0.3394436405375834
1769907600000,HIGH_VOL,0.4576,0,0.34379856364286554
1769911200000,HIGH_VOL,0.3296,0,0.31223889545509
1769914800000,HIGH_VOL,0.46009999999999995,0,0.34443008642758927
1769918400000,HIGH_VOL,0.46009999999999995,0,0.34443008642758927
1769922000000,HIGH_VOL,0.36119999999999997,0,0.3198839036197017
1769925600000,HIGH_VOL,0.5769,0,0.3745167309950367
1769929200000,HIGH_VOL,0.5987,0,0.38024959613946674
1769932800000,HIGH_VOL,0.46009999999999995,0,0.34443008642758927
1769936400000,HIGH_VOL,0.4825,0,0.35011286393474267
1769940000000,HIGH_VOL,0.36119999999999997,0,0.3198839036197017
1769943600000,HIGH_VOL,0.4825,0,0.35011286393474267
1769947200000,TREND,0.3274,0,0.31171037165929893
1769950800000,TREND,0.3274,0,0.31171037165929893
1769954400000,HIGH_VOL,0.3823,0,0.3250433971939316
1769958000000,HIGH_VOL,0.41950000000000004,0,0.33424344942387607
1769961600000,HIGH_VOL,0.4415,0,0.3397448513832257
1769965200000,HIGH_VOL,0.4415,0,0.3397448513832257
1769968800000,HIGH_VOL,0.46009999999999995,0,0.34443008642758927
1769972400000,HIGH_VOL,0.41950000000000004,0,0.33424344942387607
1769976000000,HIGH_VOL,0.4415,0,0.3397448513832257
1769979600000,HIGH_VOL,0.4825,1,0.35011286393474267
1769983200000,HIGH_VOL,0.5262,0,0.36132153170927933
1769986800000,HIGH_VOL,0.4415,0,0.3397448513832257
1769990400000,HIGH_VOL,0.4825,0,0.35011286393474267
1769994000000,HIGH_VOL,0.46009999999999995,0,0.34443008642758927
1769997600000,HIGH_VOL,0.41950000000000004,0,0.33424344942387607
1770001200000,HIGH_VOL,0.4415,0,0.3397448513832257
1770004800000,HIGH_VOL,0.309,0,0.3073092592632406
1770008400000,HIGH_VOL,0.4391,1,0.33914255956942385
1770012000000,HIGH_VOL,0.36590000000000006,1,0.32102942232252424
1770015600000,HIGH_VOL,0.46009999999999995,1,0.34443008642758927
1770019200000,HIGH_VOL,0.46009999999999995,1,0.34443008642758927
1770022800000,HIGH_VOL,0.4428,1,0.34007130947799313
1770026400000,HIGH_VOL,0.4207,1,0.3345423828209674
1770030000000,HIGH_VOL,0.3787,1,0.3241600503160159
1770033600000,HIGH_VOL,0.3787,1,0.3241600503160159
1770037200000,HIGH_VOL,0.32299999999999995,1,0.3106547945260236
1770040800000,HIGH_VOL,0.3578,1,0.31905658180518764
1770044400000,HIGH_VOL,0.34299999999999997,0,0.31546861003773585
1770048000000,HIGH_VOL,0.32299999999999995,0,0.3106547945260236
1770051600000,HIGH_VOL,0.34299999999999997,0,0.31546861003773585
1770055200000,HIGH_VOL,0.32189999999999996,0,0.31039120725613617
1770058800000,HIGH_VOL,0.3419,0,0.31520280591951794
1770062400000,HIGH_VOL,0.36119999999999997,0,0.3198839036197017
1770066000000,HIGH_VOL,0.40369999999999995,0,0.33031997142908603
1770069600000,HIGH_VOL,0.46009999999999995,0,0.34443008642758927
1770073200000,RANGE,0.48,0,0.34947647614154836
1770076800000,RANGE,0.51,0,0.35714797004811505
1770080400000,RANGE,0.48,0,0.34947647614154836
1770084000000,RANGE,0.3452,0,0.31600058055865465
1770087600000,RANGE,0.4551,0,0.3431675926460831
1770091200000,RANGE,0.42560000000000003,0,0.33576440476851654
1770094800000,RANGE,0.2125,0,0.2848082683930529
1770098400000,RANGE,0.3475,0,0.3165572471702494
1770102000000,RANGE,0.42560000000000003,0,0.33576440476851654
1770105600000,RANGE,0.42560000000000003,0,0.33576440476851654
1770109200000,RANGE,0.2125,0,0.2848082683930529
1770112800000,RANGE,0.32789999999999997,0,0.3118304477234498
1770116400000,RANGE,0.23329999999999998,0,0.28957387336458323
1770120000000,RANGE,0.3208,0,0.31012774301946333
1770123600000,RANGE,0.3208,0,0.31012774301946333
1770127200000,RANGE,0.4019,0,0.32987447491126914
1770130800000,RANGE,0.3475,0,0.3165572471702494
1770134400000,TREND,0.24789999999999998,0,0.29294702270060696
1770138000000,TREND,0.24789999999999998,0,0.29294702270060696
1770141600000,HIGH_VOL,0.5225,1,0.3603664377626835
1770145200000,HIGH_VOL,0.38939999999999997,1,0.32678920200245043
1770148800000,HIGH_VOL,0.36590000000000006,0,0.32102942232252424
1770152400000,HIGH_VOL,0.3452,0,0.31600058055865465
1770156000000,HIGH_VOL,0.25920000000000004,0,0.29557348185423693
1770159600000,HIGH_VOL,0.27690000000000003,0,0.299714820414416
1770163200000,HIGH_VOL,0.27690000000000003,0,0.299714820414416
1770166800000,HIGH_VOL,0.36590000000000006,0,0.32102942232252424
1770170400000,HIGH_VOL,0.25920000000000004,0,0.29557348185423693
1770174000000,HIGH_VOL,0.4825,0,0.35011286393474267
1770177600000,HIGH_VOL,0.46009999999999995,0,0.34443008642758927
1770181200000,TREND,0.41100000000000003,0,0.3321298245460888
1770184800000,TREND,0.44770000000000004,0,0.3413031692772875
1770188400000,TREND,0.37229999999999996,0,0.32259274716179726
1770192000000,TREND,0.37229999999999996,0,0.32259274716179726
1770195600000,TREND,0.3379,0,0.3142372656961347
1770199200000,TREND,0.3274,0,0.31171037165929893
1770202800000,TREND,0.41100000000000003,0,0.3321298245460888
1770206400000,TREND,0.3274,0,0.31171037165929893
1770210000000,TREND,0.18239999999999998,0,0.2779961540324927
1770213600000,TREND,0.24789999999999998,0,0.29294702270060696
1770217200000,TREND,0.27690000000000003,0,0.299714820414416
1770220800000,TREND,0.24789999999999998,0,0.29294702270060696
1770224400000,HIGH_VOL,0.5225,1,0.3603664377626835
1770228000000,HIGH_VOL,0.428,0,0.3363637507862018
1770231600000,HIGH_VOL,0.2953,0,0.30405491087779624
1770235200000,HIGH_VOL,0.32520000000000004,0,0.3111823377103432
1770238800000,HIGH_VOL,0.309,0,0.3073092592632406
1770242400000,HIGH_VOL,0.3682,0,0.3215907826637465
1770246000000,HIGH_VOL,0.4073,0,0.3312118779120857
1770249600000,HIGH_VOL,0.25920000000000004,0,0.29557348185423693
1770253200000,HIGH_VOL,0.25920000000000004,0,0.29557348185423693
1770256800000,HIGH_VOL,0.5225,0,0.3603664377626835
1770260400000,HIGH_VOL,0.5449,0,0.36616528926163755
1770264000000,HIGH_VOL,0.5225,0,0.3603664377626835
1770267600000,HIGH_VOL,0.5449,0,0.36616528926163755
1770271200000,HIGH_VOL,0.444,0,0.34037279029812634
1770274800000,HIGH_VOL,0.5449,0,0.36616528926163755
1770278400000,TREND,0.2979,0,0.3046710317930492
1770282000000,TREND,0.201,0,0.2821937968364863
1770285600000,TREND,0.2953,0,0.30405491087779624
1770289200000,TREND,0.18960000000000002,0,0.27961648711814824
1770292800000,HIGH_VOL,0.5225,1,0.3603664377626835
1770296400000,TREND,0.34979999999999994,0,0.31711443977084836
1770300000000,HIGH_VOL,0.5225,0,0.3603664377626835
1770303600000,HIGH_VOL,0.5225,0,0.3603664377626835
1770307200000,HIGH_VOL,0.5671,0,0.37195089126183384
1770310800000,HIGH_VOL,0.5225,0,0.3603664377626835
1770314400000,HIGH_VOL,0.5449,0,0.36616528926163755
1770318000000,HIGH_VOL,0.5225,0,0.3603664377626835
1770321600000,HIGH_VOL,0.44770000000000004,0,0.3413031692772875
1770325200000,HIGH_VOL,0.44770000000000004,1,0.3413031692772875
1770328800000,HIGH_VOL,0.4925,0,0.3526637370168981
1770332400000,HIGH_VOL,0.44770000000000004,0,0.3413031692772875
1770336000000,HIGH_VOL,0.4925,1,0.3526637370168981
1770339600000,HIGH_VOL,0.2369,0,0.2904034696441571
1770343200000,HIGH_VOL,0.23329999999999998,0,0.28957387336458323
1770346800000,HIGH_VOL,0.40369999999999995,1,0.33031997142908603
1770350400000,HIGH_VOL,0.3705,1,0.3221526588678963
1770354000000,HIGH_VOL,0.40850000000000003,0,0.3315094500790563
1770357600000,HIGH_VOL,0.3296,1,0.31223889545509
1770361200000,HIGH_VOL,0.34979999999999994,1,0.31711443977084836
1770364800000,HIGH_VOL,0.3143,1,0.30857342648211483
1770368400000,HIGH_VOL,0.40850000000000003,1,0.3315094500790563
1770372000000,HIGH_VOL,0.3464,1,0.31629094962060056
1770375600000,HIGH_VOL,0.3307,1,0.3125033407574571
1770379200000,HIGH_VOL,0.3111,1,0.3078098111085549
1770382800000,HIGH_VOL,0.2789,1,0.30018485079307017
1770386400000,HIGH_VOL,0.2789,1,0.30018485079307017
1770390000000,HIGH_VOL,0.2789,1,0.30018485079307017
1770393600000,HIGH_VOL,0.2789,1,0.30018485079307017
1770397200000,HIGH_VOL,0.2789,0,0.30018485079307017
1770400800000,HIGH_VOL,0.24420000000000003,1,0.29209000826547016
1770404400000,HIGH_VOL,0.2789,0,0.30018485079307017
1770408000000,HIGH_VOL,0.2602,1,0.2958065692050229
1770411600000,HIGH_VOL,0.3624,1,0.32017617070126714
1770415200000,HIGH_VOL,0.34299999999999997,0,0.31546861003773585
1770418800000,HIGH_VOL,0.3953,0,0.3282436039137733
1770422400000,HIGH_VOL,0.32189999999999996,1,0.31039120725613617
1770426000000,HIGH_VOL,0.4825,0,0.35011286393474267
1770429600000,HIGH_VOL,0.3823,1,0.3250433971939316
1770433200000,HIGH_VOL,0.4825,0,0.35011286393474267
1770436800000,HIGH_VOL,0.7231000000000001,0,0.4135625827972217
1770440400000,HIGH_VOL,0.6341,0,0.3896298679833006
1770444000000,HIGH_VOL,0.5572,0,0.3693661777016192
1770447600000,HIGH_VOL,0.29109999999999997,1,0.3030611226283334
1770451200000,HIGH_VOL,0.3329,0,0.31303259759239516
1770454800000,HIGH_VOL,0.34409999999999996,1,0.3157345349572155
1770458400000,RANGE,0.37810000000000005,1,0.32401294732122327
1770462000000,TREND,0.24230000000000002,1,0.2916504925396231
1770465600000,RANGE,0.39890000000000003,1,0.32913265938575104
1770469200000,RANGE,0.3705,1,0.3221526588678963
1770472800000,RANGE,0.2516,1,0.29380550806390826
1770476400000,RANGE,0.39890000000000003,1,0.32913265938575104
1770480000000,RANGE,0.2749,1,0.29924521130340004
1770483600000,RANGE,0.3705,1,0.3221526588678963
1770487200000,RANGE,0.39890000000000003,1,0.32913265938575104
1770490800000,RANGE,0.3705,1,0.3221526588678963
1770494400000,RANGE,0.48,0,0.34947647614154836
1770498000000,RANGE,0.48,1,0.34947647614154836
1770501600000,RANGE,0.3971,1,0.32868797823142487
1770505200000,RANGE,0.3729,1,0.3227395132189928
1770508800000,RANGE,0.2749,1,0.29924521130340004
1770512400000,RANGE,0.3705,1,0.3221526588678963
1770516000000,RANGE,0.3705,1,0.3221526588678963
1770519600000,RANGE,0.2749,1,0.29924521130340004
1770523200000,RANGE,0.6271,1,0.3877682774132623
1770526800000,RANGE,0.52,1,0.3597217285631192
1770530400000,RANGE,0.6271,1,0.3877682774132623
1770534000000,RANGE,0.6496,1,0.3937633576072795
1770537600000,RANGE,0.515,1,0.35843382981234523
1770541200000,RANGE,0.51,1,0.35714797004811505
1770544800000,RANGE,0.6219,1,0.38638749625848773
1770548400000,RANGE,0.5981000000000001,0,0.3800913547455271
1770552000000,RANGE,0.485,0,0.35074978574644744
1770555600000,RANGE,0.485,0,0.35074978574644744
1770559200000,RANGE,0.485,0,0.35074978574644744
1770562800000,RANGE,0.485,0,0.35074978574644744
1770566400000,RANGE,0.6011,1,0.38088281594517714
1770570000000,RANGE,0.657,1,0.3957421818498278
1770573600000,RANGE,0.7484000000000001,0,0.4204465189742604
1770577200000,RANGE,0.6531,0,0.39469885795615284
1770580800000,RANGE,0.5181,1,0.3592320878198618
1770584400000,RANGE,0.52,1,0.3597217285631192
1770588000000,RANGE,0.6548,0,0.3951535228103458
1770591600000,RANGE,0.49,0,0.3520252241223112
1770595200000,RANGE,0.46509999999999996,0,0.34569478034845325
1770598800000,RANGE,0.5492,0,0.3672829727577785
1770602400000,RANGE,0.5744,0,0.3738615030717589
1770606000000,TREND,0.7408,0,0.41837523483176137
1770609600000,TREND,0.6792,0,0.4016989390021196
1770613200000,TREND,0.7109000000000001,0,0.41025491465266545
1770616800000,TREND,0.5963,0,0.37961678357427936
1770620400000,TREND,0.5449,0,0.36616528926163755
1770624000000,TREND,0.6077,0,0.38262625476773793
1770627600000,RANGE,0.7089,0,0.40971343902990065
1770631200000,RANGE,0.7291,1,0.41519218987000506
1770634800000,RANGE,0.7521,1,0.42145592685405053
1770638400000,RANGE,0.7521,0,0.42145592685405053
1770642000000,RANGE,0.4305,1,0.3369886300526047
1770645600000,RANGE,0.4819,1,0.3499600820932843
1770649200000,RANGE,0.2554,1,0.2946887230613102
1770652800000,RANGE,0.3475,0,0.3165572471702494
1770656400000,RANGE,0.51,0,0.35714797004811505
1770660000000,RANGE,0.6792,0,0.4016989390021196
1770663600000,RANGE,0.6797,0,0.40183344218178435
1770667200000,RANGE,0.6531,0,0.39469885795615284
1770670800000,RANGE,0.5726,0,0.37339002513684433
1770674400000,RANGE,0.6792,0,0.4016989390021196
1770678000000,RANGE,0.6792,0,0.4016989390021196
1770681600000,RANGE,0.5474,0,0.36681493080647826
1770685200000,RANGE,0.7047,0,0.408577053948921
1770688800000,RANGE,0.6525,0,0.3945384314605147
1770692400000,RANGE,0.49,0,0.3520252241223112
1770696000000,RANGE,0.495,0,0.3533027765908829
1770699600000,RANGE,0.2516,0,0.29380550806390826
1770703200000,RANGE,0.4019,0,0.32987447491126914
1770706800000,RANGE,0.515,0,0.35843382981234523
1770710400000,RANGE,0.3469,0,0.3164119790390348
1770714000000,RANGE,0.452,0,0.3423859575481627
1770717600000,RANGE,0.46009999999999995,0,0.34443008642758927
1770721200000,RANGE,0.4305,1,0.3369886300526047
1770724800000,RANGE,0.46009999999999995,1,0.34443008642758927
1770728400000,TREND,0.2979,0,0.3046710317930492
1770732000000,TREND,0.18960000000000002,1,0.27961648711814824
1770735600000,TREND,0.201,0,0.2821937968364863
1770739200000,TREND,0.41100000000000003,0,0.3321298245460888
1770742800000,TREND,0.40369999999999995,0,0.33031997142908603
1770746400000,TREND,0.2953,0,0.30405491087779624
1770750000000,TREND,0.3274,0,0.31171037165929893
1770753600000,TREND,0.2953,0,0.30405491087779624
1770757200000,TREND,0.17800000000000002,0,0.27700879805122963
1770760800000,TREND,0.17800000000000002,0,0.27700879805122963
1770764400000,TREND,0.17800000000000002,0,0.27700879805122963
1770768000000,TREND,0.44770000000000004,0,0.3413031692772875
1770771600000,TREND,0.41100000000000003,0,0.3321298245460888
1770775200000,TREND,0.2953,0,0.30405491087779624
1770778800000,TREND,0.18960000000000002,0,0.27961648711814824
1770782400000,TREND,0.18960000000000002,0,0.27961648711814824
1770786000000,TREND,0.24230000000000002,0,0.2916504925396231
1770789600000,TREND,0.3566,1,0.31876485751287104
1770793200000,TREND,0.24230000000000002,1,0.2916504925396231
1770796800000,TREND,0.24230000000000002,1,0.2916504925396231
1770800400000,TREND,0.24230000000000002,1,0.2916504925396231
1770804000000,TREND,0.3165,1,0.3090990200151294
1770807600000,TREND,0.2979,1,0.3046710317930492
1770811200000,TREND,0.203,1,0.28264744011965265
1770814800000,TREND,0.265,0,0.29692687056002354
1770818400000,TREND,0.15710000000000002,0,0.27234851921670516
1770822000000,TREND,0.17800000000000002,1,0.27700879805122963
1770825600000,TREND,0.24789999999999998,1,0.29294702270060696
1770829200000,TREND,0.2284,1,0.28844695980223944
1770832800000,TREND,0.44770000000000004,0,0.3413031692772875
1770836400000,TREND,0.40369999999999995,0,0.33031997142908603
1770840000000,TREND,0.3682,0,0.3215907826637465
1770843600000,TREND,0.3682,0,0.3215907826637465
1770847200000,TREND,0.37520000000000003,0,0.32330243998696545
1770850800000,TREND,0.37520000000000003,1,0.32330243998696545
1770854400000,TREND,0.36119999999999997,0,0.3198839036197017
1770858000000,TREND,0.41100000000000003,0,0.3321298245460888
1770861600000,TREND,0.3274,0,0.31171037165929893
1770865200000,RANGE,0.3729,0,0.3227395132189928
1770868800000,RANGE,0.3452,1,0.31600058055865465
1770872400000,RANGE,0.3729,1,0.3227395132189928
1770876000000,RANGE,0.3729,1,0.3227395132189928
1770879600000,RANGE,0.3729,0,0.3227395132189928
1770883200000,RANGE,0.48,1,0.34947647614154836
1770886800000,RANGE,0.51,0,0.35714797004811505
1770890400000,RANGE,0.3935,0,0.32779953701616793
1770894000000,RANGE,0.3653,0,0.32088306547616463
1770897600000,RANGE,0.48,0,0.34947647614154836
1770901200000,RANGE,0.2709,0,0.298307259316497
1770904800000,RANGE,0.3452,0,0.31600058055865465
1770908400000,RANGE,0.3452,0,0.31600058055865465
1770912000000,RANGE,0.4019,1,0.32987447491126914
1770915600000,RANGE,0.485,1,0.35074978574644744
1770919200000,RANGE,0.515,1,0.35843382981234523
1770922800000,RANGE,0.46009999999999995,1,0.34443008642758927
1770926400000,RANGE,0.485,1,0.35074978574644744
1770930000000,RANGE,0.4819,1,0.3499600820932843
1770933600000,RANGE,0.39890000000000003,1,0.32913265938575104
1770937200000,RANGE,0.3705,1,0.3221526588678963
1770940800000,RANGE,0.34299999999999997,1,0.31546861003773585
1770944400000,RANGE,0.39890000000000003,1,0.32913265938575104
1770948000000,RANGE,0.48,1,0.34947647614154836
1770951600000,RANGE,0.48,1,0.34947647614154836
1770955200000,RANGE,0.48,1,0.34947647614154836
1770958800000,RANGE,0.3729,1,0.3227395132189928
1770962400000,RANGE,0.3729,1,0.3227395132189928
1770966000000,RANGE,0.3729,1,0.3227395132189928
1770969600000,RANGE,0.51,1,0.35714797004811505
1770973200000,RANGE,0.3971,1,0.32868797823142487
1770976800000,RANGE,0.29109999999999997,1,0.3030611226283334
1770980400000,RANGE,0.29109999999999997,1,0.3030611226283334
1770984000000,RANGE,0.29109999999999997,1,0.3030611226283334
1770987600000,RANGE,0.29109999999999997,1,0.3030611226283334
1770991200000,RANGE,0.2709,1,0.298307259316497
1770994800000,RANGE,0.11199999999999999,1,0.2624609410985398
1770998400000,RANGE,0.1007,1,0.2600201094407213
1771002000000,RANGE,0.24230000000000002,1,0.2916504925396231
1771005600000,RANGE,0.24230000000000002,1,0.2916504925396231
1771009200000,TREND,0.6857,1,0.40344862774685303
1771012800000,TREND,0.7325,1,0.41611646043372524
1771016400000,TREND,0.7325,1,0.41611646043372524
1771020000000,TREND,0.797,1,0.4337551877501394
1771023600000,TREND,0.7325,1,0.41611646043372524
1771027200000,TREND,0.797,1,0.4337551877501394
1771030800000,TREND,0.7325,1,0.41611646043372524
1771034400000,TREND,0.7325,1,0.41611646043372524
1771038000000,TREND,0.8220000000000001,1,0.44063987940345534
1771041600000,TREND,0.589,1,0.37769450134923627
1771045200000,TREND,0.589,1,0.37769450134923627
1771048800000,TREND,0.6726000000000001,1,0.3999248909265104
1771052400000,TREND,0.7047,1,0.408577053948921
1771056000000,TREND,0.5306000000000001,1,0.36245874734334516
1771059600000,TREND,0.6502,1,0.39392367399172534
1771063200000,TREND,0.6502,1,0.39392367399172534
1771066800000,TREND,0.6011,0,0.38088281594517714
1771070400000,TREND,0.735,1,0.4167964480571721
1771074000000,TREND,0.589,1,0.37769450134923627
1771077600000,TREND,0.6726000000000001,1,0.3999248909265104
1771081200000,TREND,0.6318,0,0.3890178446959285
1771084800000,TREND,0.6726000000000001,0,0.3999248909265104
1771088400000,TREND,0.6726000000000001,0,0.3999248909265104
1771092000000,TREND,0.6726000000000001,0,0.3999248909265104
1771095600000,TREND,0.6318,0,0.3890178446959285
1771099200000,TREND,0.6318,0,0.3890178446959285
1771102800000,TREND,0.6318,0,0.3890178446959285
1771106400000,TREND,0.6318,0,0.3890178446959285
1771110000000,TREND,0.6318,0,0.3890178446959285
1771113600000,TREND,0.5449,0,0.36616528926163755
1771117200000,TREND,0.6726000000000001,1,0.3999248909265104
1771120800000,TREND,0.589,1,0.37769450134923627
1771124400000,TREND,0.6659999999999999,0,0.3981534638127092
1771128000000,TREND,0.5775,0,0.3746740542642058
1771131600000,TREND,0.5775,0,0.3746740542642058
1771135200000,TREND,0.5374,0,0.36421929081698456
1771138800000,TREND,0.7211,0,0.41301979895256763
1771142400000,TREND,0.6920999999999999,0,0.40517380164905287
1771146000000,TREND,0.7940999999999999,0,0.43295816379546226
1771149600000,TREND,0.7940999999999999,0,0.43295816379546226
1771153200000,TREND,0.5449,0,0.36616528926163755
1771156800000,TREND,0.6496,0,0.3937633576072795
1771160400000,TREND,0.6077,0,0.38262625476773793
1771164000000,TREND,0.7171,0,0.4119348664586804
1771167600000,TREND,0.7171,0,0.4119348664586804
1771171200000,TREND,0.6388,0,0.39088160414569006
1771174800000,TREND,0.6456999999999999,1,0.3927218600297379
1771178400000,TREND,0.6792,1,0.4016989390021196
1771182000000,RANGE,0.7089,1,0.40971343902990065
1771185600000,RANGE,0.7089,1,0.40971343902990065
1771189200000,RANGE,0.6312,1,0.3888582438728988
1771192800000,RANGE,0.6271,0,0.3877682774132623
1771196400000,RANGE,0.52,1,0.3597217285631192
1771200000000,RANGE,0.2749,1,0.29924521130340004
1771203600000,RANGE,0.3208,1,0.31012774301946333
1771207200000,RANGE,0.2125,1,0.2848082683930529
1771210800000,RANGE,0.2749,1,0.29924521130340004
1771214400000,RANGE,0.39890000000000003,1,0.32913265938575104
1771218000000,RANGE,0.2516,1,0.29380550806390826
1771221600000,RANGE,0.2749,1,0.29924521130340004
1771225200000,RANGE,0.2749,1,0.29924521130340004
1771228800000,RANGE,0.48,1,0.34947647614154836
1771232400000,RANGE,0.48,0,0.34947647614154836
1771236000000,RANGE,0.48,1,0.34947647614154836
1771239600000,RANGE,0.48,1,0.34947647614154836
1771243200000,RANGE,0.29469999999999996,0,0.30391282880068526
1771246800000,RANGE,0.3452,0,0.31600058055865465
